combination,count
00,447979
01,424797
11,580350
09,236346
99,382479
59,93021
92,130535
27,137580
74,98597
49,71999
63,92595
34,280877
42,107379
25,171933
52,116604
69,149162
91,218522
17,148777
70,173346
03,227093
10,448059
06,216105
68,97897
72,104807
21,369457
22,233955
75,108937
54,115848
45,269589
77,202937
88,176568
20,390826
02,253378
30,216147
12,738934
19,991845
24,156474
26,136699
62,98175
28,145795
80,198749
29,124382
90,222099
08,224540
81,193926
97,263429
44,106058
66,164336
13,197133
38,80131
82,118810
98,413128
89,201842
yf,40892
fn,21948
nf,38673
fi,84999
if,50930
aa,77600
an,701562
no,145166
ot,137310
th,174600
hi,140777
in,482667
ng,199809
bb,53579
be,166851
ea,175876
at,276100
tl,37738
le,360207
es,278317
bi,127587
il,216463
ll,251599
ly,75213
yr,26634
ra,350362
ay,99140
bp,11069
pr,65744
re,338387
ev,87321
va,111600
tt,112725
te,312923
br,109417
ro,274653
ow,87373
wn,20873
ni,216302
bu,100542
ul,87108
lm,30108
ma,459161
as,378635
st,331724
ti,198673
ff,57720
ur,119101
rr,76347
ry,65872
cc,48358
cr,67177
ru,99252
ui,47606
is,222319
se,215712
er,791589
dc,25502
ch,268392
hr,35992
rl,70513
cl,43861
lx,5037
xv,5915
vi,112281
dd,59932
de,225230
ec,86720
ck,197643
di,153556
iv,53236
ve,186850
dz,14023
zd,10458
ag,111416
gl,39447
eo,42197
on,421405
ne,257546
ee,162442
gg,57457
go,129921
or,319690
rd,131563
do,171118
gr,70323
wl,10589
gu,63610
lf,41543
ha,282473
ak,107424
ka,180754
ho,171030
ol,230888
lt,44587
ii,20843
jo,86317
oe,38262
el,291054
oh,38946
hn,31859
na,269441
ar,510004
lo,252982
oo,194596
op,93331
pm,12319
me,223165
rk,60461
ky,51391
ys,48823
mr,25133
rb,49698
mu,61571
us,179463
ta,254999
po,123857
pp,64835
pu,55793
ss,211693
sy,45154
sh,214202
nt,169169
ie,191814
tr,146805
ri,309735
ik,116068
ke,187802
em,118668
ig,122255
ge,173803
nc,76863
cu,46748
up,48439
wa,94240
wi,71590
ns,94944
to,206002
wo,79949
od,88965
dy,55939
yy,16326
zz,45942
pa,196710
sw,63317
ym,30107
mo,177943
nd,201320
sp,80800
py,27324
yc,23620
ca,202024
am,251414
wh,25039
al,346469
ab,128287
bc,35627
cd,22102
ef,44644
az,82662
zn,9589
au,68978
bg,11887
en,334748
nu,47990
gt,24208
it,191532
ts,66513
by,60590
yd,27940
dr,96049
la,297937
he,220456
vy,13856
co,202965
ou,108139
rc,55526
ci,57873
yi,11056
cs,21314
sn,35151
nh,31984
hc,12430
ga,132883
hh,16723
om,143708
rj,32944
hp,10518
ce,121882
ty,119582
je,64693
fa,86837
kk,29532
su,100313
un,137086
ex,74445
xi,22989
ic,207423
mi,189736
mm,68182
nn,119044
pl,53401
ac,165454
qq,21256
ed,154847
ds,48185
sk,62916
ki,153566
yl,41853
rs,116171
si,141792
uu,12428
vv,13215
ww,19497
xx,46884
nx,9356
ya,86561
sm,55396
za,65136
aq,18594
qw,64267
ws,31563
sx,22174
xc,24769
rf,74618
gi,87294
im,124124
my,46237
rn,67001
nj,36060
tu,72811
ud,55360
io,91751
iu,21866
um,72685
lb,33941
bf,9989
fy,40088
we,125114
rt,158617
dw,18920
ld,58427
kh,18656
hf,28576
so,125652
ph,55734
cn,26943
ba,207521
ai,111031
ey,122230
bo,171655
da,212894
ir,134850
ut,90948
wq,8958
qa,30279
tk,25969
kg,9217
gx,6049
av,90428
bm,14354
mw,11435
lu,89675
uv,15893
vl,13254
gn,22008
np,13853
ua,42163
mn,17342
lk,31215
ko,99963
ov,117204
uc,86460
mb,54731
jc,19031
cw,8048
wu,9973
ub,49733
bv,17486
vt,14461
id,95541
yx,10212
ij,16933
jb,11231
bw,9448
fv,19945
dj,22608
jp,11141
bx,9010
cy,21524
yt,31810
hm,19465
mh,10599
tb,28227
ok,82337
yg,17828
gm,18661
of,38303
et,183649
fo,65080
ox,26926
fb,11066
bq,8967
qi,6562
eb,69671
uq,6889
md,18501
dk,15684
rv,24991
du,54089
bz,13729
zp,7032
yb,44138
li,285733
sa,206021
mv,8887
cb,22913
pf,13755
vw,6037
wd,11677
dp,13248
pg,8569
gz,6519
wj,8439
ja,109145
wf,9099
pe,159200
sc,82875
ia,151091
ug,43845
vo,41523
oc,92349
fg,30241
dh,18706
fk,25401
ei,62045
kc,13475
ib,39251
eu,29376
hg,12906
kw,10420
yu,30624
tm,37055
mc,24563
yj,24427
uy,18604
ew,59797
yw,13072
ax,38896
xe,19873
os,138322
ad,188106
pi,100103
hu,73049
qv,5131
pk,13741
kt,33049
ju,52865
ah,61244
gh,67690
oz,20864
ze,44392
rh,24566
dn,18588
aw,45657
ip,60027
dl,24682
yk,15528
ks,55369
lg,18197
df,58379
gd,21216
vn,8966
fh,35737
ht,43249
tz,16790
hy,27084
tn,32101
aj,29336
wb,16494
oy,56147
db,29838
bl,87486
wx,6237
xb,11016
sf,16281
ae,40267
rg,57511
jk,35828
kj,21607
jl,12758
lr,13037
wk,11888
kf,23214
mp,60466
vm,8161
wr,14171
tc,37637
sl,50061
jx,10829
cj,14774
jd,30691
dt,23985
ue,54062
zy,20888
iz,38666
og,82607
mf,10463
fj,8762
jt,9312
ez,29002
zu,16779
yh,14804
nk,84805
ob,87603
yz,16366
zi,33450
nm,29177
uo,10244
oi,34451
cp,10623
vg,11244
jr,18793
qx,5396
zs,8317
zx,29433
dx,7952
xh,6380
hb,35289
qm,5094
ih,16545
uf,32355
kb,26545
xg,6278
gb,26937
kl,35676
ep,65067
eg,68738
ap,90550
tq,9723
jj,16989
ye,41573
mj,11515
pj,9261
gp,11278
px,5516
xd,9111
dg,26009
fc,26282
pv,7368
vk,9534
cg,11296
hs,16957
vj,14039
jh,26009
hv,9860
xp,11361
fu,61870
kr,32952
ix,26480
xl,6463
eh,34347
lp,23083
rp,33044
qk,5418
lv,25053
nl,19298
fr,79830
sr,18235
lc,24049
fl,50491
sd,50397
vs,13410
sb,21880
zt,7764
oj,17261
yo,48848
ms,38489
fe,77144
bn,24825
bd,19040
dv,12904
hx,7498
xs,14849
jg,12629
gj,17133
sq,13736
oa,35277
nb,36448
xm,10214
gf,28864
fd,22408
uh,17843
yq,6410
pw,9052
wc,8917
cx,9533
ny,64054
rx,9307
nw,12196
cm,15398
ej,21991
sz,11942
bs,22617
pt,23867
rm,61678
xw,7205
lz,9090
zo,28314
fs,13496
pd,11424
hl,19528
iw,12533
xn,6745
fm,10077
ku,38091
tj,13062
jf,9005
gs,29592
xr,15152
vf,36362
dm,29602
lh,15604
hq,5233
qs,6481
ln,13527
jn,14647
bk,17212
qf,4887
mq,5054
lq,4357
kp,10995
pb,11667
bt,11083
vd,8918
fw,8525
tg,16467
mk,14483
lj,15865
jy,18209
ao,21169
ux,12317
xz,9183
zc,8090
iq,9753
hd,13715
dq,6167
vr,12826
bj,11183
jv,12222
tp,16138
kq,5194
qj,4861
gc,10900
qn,5187
ek,57863
ct,44511
wy,11506
yn,37020
gk,10885
cf,20621
nz,22902
kd,13919
xu,9869
ft,22504
ps,35985
uk,36275
ls,51727
pz,6535
zr,8813
rz,12069
sv,18125
gy,19987
hk,23356
af,44653
qb,4938
qc,5830
tf,16151
rw,17853
fx,8276
kn,21761
vx,5590
nr,21403
wt,11484
sg,15804
ml,12963
rq,6776
cq,6321
jm,12595
hj,37306
js,12051
qz,5149
zj,5355
tw,25125
qg,5500
gw,10374
xk,6111
uw,8736
xy,19570
qp,5578
vh,6799
qt,5308
mz,10179
fp,11128
nq,6284
xj,5959
zv,7842
qy,6292
pc,13374
vu,10341
uj,19411
vz,6995
mg,12073
bh,19873
qr,6831
jq,7344
xa,24538
vc,10433
qu,37202
zl,8876
km,38017
wm,11902
xt,18724
zf,6286
vb,25461
qd,5525
xq,4915
cv,19245
uz,20706
zb,7630
zm,11500
yp,19487
kz,13383
tv,14826
mt,16463
fz,10270
zh,14086
pn,10211
ji,31486
qe,7753
jw,7472
sj,11774
zk,8937
iy,17797
kv,9144
hw,9666
zq,5874
lw,9625
wp,8869
gq,4866
wz,5977
wg,9586
mx,7745
qo,5401
zw,13016
td,24624
cz,12071
vq,4645
pq,5633
kx,6234
oq,6584
yv,9494
tx,10234
wv,5395
nv,13158
jz,6065
zg,7088
fq,8894
xf,10232
xo,11578
eq,11615
qh,4883
gv,7505
vp,7267
hz,6698
ql,4311
23,520240
33,140861
55,154950
04,214115
41,177830
93,105818
32,155813
94,108597
05,228869
58,101074
40,159807
60,162705
96,208061
56,237582
67,147424
83,104325
39,71457
15,169131
79,110312
78,179719
48,85486
61,170018
51,188554
71,180959
95,153457
50,185873
18,153551
57,95676
07,229083
16,139512
65,113495
46,86360
86,118086
73,89723
64,84676
85,125302
53,93069
14,163437
87,142447
84,107234
43,97258
76,107004
36,93913
35,98782
47,91417
37,81300
31,231628
0w,4252
5y,5996
s4,14820
g0,7804
n2,34856
e3,24313
s1,75641
c1,30582
y6,15828
m1,31649
o1,53139
e1,87401
1l,9978
c6,7549
6u,5617
a1,131702
w2,14900
p0,8215
g2,12352
2p,7616
y0,14278
0g,5432
2x,5945
x5,6461
5b,8414
r2,31948
e2,38622
9s,8670
f0,7432
0m,9613
x0,5293
4i,6906
i0,9270
9f,6255
3d,12222
q0,2563
0b,6343
6d,8504
d7,10558
7r,7212
r4,18117
4y,6467
t0,12693
e6,18132
8z,5280
z7,5905
9y,4439
g4,8135
8t,7129
t6,12589
0a,10618
a0,29313
0s,8698
1s,16981
b7,7389
4e,11627
x1,18101
5t,10277
f4,8354
b0,7818
1r,9763
k9,9508
n9,14914
0p,5890
9b,6929
2w,14775
e0,19218
8m,9357
v0,5056
8a,12153
d1,42788
0u,3543
u0,4539
2d,11426
0n,10848
z0,5509
9a,12936
m5,8700
v8,6205
4a,14109
o8,8962
8h,5847
l0,12482
y3,13759
t1,45877
r1,75967
t9,10142
h0,8946
k5,9126
y2,28809
2y,5730
3e,12878
g6,8136
5f,7438
2f,8079
2r,9027
2m,11999
i2,15042
2s,12270
v4,5660
4h,6657
l1,41080
1j,7369
o7,10461
1d,12280
c8,7370
t3,13177
0x,3590
q1,17203
5h,6800
i8,8598
5g,7318
5d,9112
d5,10585
5j,6520
j5,5223
j4,5882
b6,7585
6h,6375
h3,9126
f1,26439
a4,19093
p1,17334
h4,8270
8s,8684
m0,11287
7n,7992
n1,81611
x4,6931
a5,20617
5w,6318
4c,7768
k3,11167
3r,14689
l8,7459
h7,7910
n8,14154
y1,74162
p4,7300
4z,5674
c0,8928
p7,6375
7d,8529
b2,12817
g8,7268
8n,7802
x8,5905
9h,5353
9g,5944
a3,24669
1e,8626
6r,7658
4t,10222
q8,3931
8g,6619
0j,3990
0d,7423
e7,17195
n0,19530
8b,7558
j6,4943
6p,5822
2v,6814
v5,6047
z1,19598
9i,5765
d8,9773
9d,7822
c3,10613
3o,5094
o3,10344
l3,10437
6c,7099
4d,9720
u1,13334
h9,6805
k8,9815
3q,12909
s0,17851
f6,7952
2h,7324
6a,13793
z9,5548
b9,6454
1a,22241
n7,16578
b5,7627
e9,16589
r0,19222
d4,12296
3c,9386
1g,8523
n4,15397
8v,6071
v9,4982
7e,7304
e8,14739
8p,5796
r6,15839
6z,5908
z3,6547
y7,14966
x2,11244
2n,9864
5m,10614
a2,59488
w4,6025
4j,6647
3b,8747
n3,17703
3f,7742
m4,9530
x9,5780
8r,7202
k0,10385
7l,5505
k2,19064
m9,7595
9n,7741
1p,9007
3s,11647
r3,17588
d2,19832
2j,6998
1m,14624
5a,14771
0f,4962
4q,7460
1y,3984
2t,8655
1h,6909
4v,6568
r7,15547
0l,6974
5n,9083
f2,15188
o4,11190
4k,10262
c2,12653
2l,7205
6f,6698
f5,8303
5i,5939
i4,8177
4m,14120
m3,10920
3a,18495
d9,9588
h5,7788
x6,6686
m2,16684
2b,11382
3l,7401
r5,15781
5z,6117
n5,14532
4x,5734
9v,5781
r9,14258
t8,10153
w5,5979
g1,24045
o5,8956
g3,8665
3j,6751
o2,22040
3m,11537
2g,7878
8o,4705
1o,6015
b3,9307
2c,10438
0c,6732
s2,33616
a9,23284
2k,10043
o0,11800
a8,21051
8k,6911
7v,6507
s8,13080
1k,8888
3y,5707
4r,12618
h1,26403
1b,13199
t2,21636
9w,4630
3h,6324
s6,14172
y9,11825
4f,8094
i5,7181
p2,10832
7b,7788
l6,8591
9e,6766
b8,7017
0o,4468
4u,9546
d6,10428
f3,9213
1w,9722
3p,7692
u5,6130
y8,11369
8f,6768
1c,11586
2a,15617
4w,5871
6v,6343
h6,8271
s9,13842
9l,5449
3g,7598
q2,9327
6e,6981
l7,8355
7h,6451
7c,7317
j0,4295
4p,6502
i9,8400
9m,9467
g9,6602
9p,5634
8l,5230
e5,16319
7m,9469
2u,6015
1q,18134
p3,7895
l2,17924
x3,8057
3u,5192
k7,10010
u7,6886
7s,9043
b1,18944
i1,29203
m6,8559
c5,7701
5s,9521
2e,11705
t5,13127
j1,9489
j7,5140
z6,5897
q7,4121
5e,7477
0h,3961
y5,12314
4b,8436
v6,5728
0q,3900
3z,6941
4l,8063
0t,6428
1t,10208
2q,8649
h8,7678
6w,5333
d0,12468
7k,7451
w3,10915
6j,5927
7z,5667
j8,4882
8u,5757
0r,10092
5r,8542
3v,7423
j9,4352
y4,12504
6g,6939
x7,7084
7g,6569
7j,6086
p5,6607
8e,7101
7w,5144
p6,6651
6k,7141
s3,17625
o6,10761
5l,5887
7f,6669
7o,4784
5k,7719
7p,5796
7q,5641
h2,14739
w0,6345
z8,6004
w1,14804
1f,8085
6s,8598
w7,5799
q4,4256
g5,7925
1n,12823
w6,5900
6m,9202
7a,13173
a7,22860
3w,7065
w9,4999
9q,5418
5v,7056
9j,5421
0k,5996
5p,6580
f9,6904
5u,5537
7y,6056
8w,5353
7i,5524
0e,4347
c4,8766
r8,13780
4o,4967
v7,5704
3i,5805
e4,22309
7x,5219
g7,7909
0i,4618
k6,9456
k1,38005
i6,7671
l4,8761
4g,7437
v2,9484
t4,13119
p8,5919
1z,6192
9c,6629
9o,4736
0y,3402
5c,7760
6q,6396
s7,14687
2z,6365
z2,14717
u8,8556
i7,8148
u6,6048
w8,5801
4n,9880
m8,8165
o9,10739
9t,6471
a6,20998
0v,5221
l9,8386
0z,4264
6o,4646
3x,5832
9k,6862
9r,6714
u3,6152
8x,4779
1v,6438
8c,7204
p9,5900
7t,7000
q6,4083
t7,11144
s5,12749
k4,9725
9z,5501
i3,8457
1i,6222
z5,5691
v3,7034
3k,8434
8j,6211
3t,8727
c7,7643
z4,5711
l5,7835
j2,7323
q3,5060
8d,8248
f8,7798
n6,16439
6l,5267
u9,5393
8y,5196
1x,4816
d3,13307
5q,6924
4s,10024
b4,8180
7u,6147
6n,8015
9x,4545
5x,5318
6t,7672
3n,10356
9u,4613
8i,5990
u2,10837
v1,15078
j3,5516
q5,4024
6x,5335
1u,4269
2o,5949
8q,4984
2i,6302
f7,8198
6b,7444
6y,6686
c9,6792
m7,8311
5o,5120
u4,6058
q9,3563
6i,5503